Severity,rate_Santa
Heavy,0.019550080342795928
Light,0.4365291912158543
Moderate,0.18344938403856453
Severe,0.3604713444027852
