Severity,rate_Abingdon
Heavy,0.026451505573115954
Light,0.7279986691066378
Moderate,0.15787722508733987
Severe,0.08767260023290634
